1,Johnathan,johnathan@gmail.com
2,Ashley,ashley@gmail.com
3,Lindsey,lindsey@gmail.com
4,Desiree,desiree@gmail.com
5,Angela,angela@gmail.com
6,Lisa,lisa@gmail.com
7,Krista,krista@gmail.com
8,Scott,scott@gmail.com
9,Michele,michele@gmail.com
10,Chad,chad@gmail.com
11,James,james@gmail.com
12,Ruben,ruben@gmail.com
13,Patricia,patricia@gmail.com
14,Monica,monica@gmail.com
15,Cassidy,cassidy@gmail.com
16,Steven,steven@gmail.com
17,Michael,michael@gmail.com
18,Amber,amber@gmail.com
19,Mark,mark@gmail.com
20,Matthew,matthew@gmail.com
21,Joseph,joseph@gmail.com
22,Derrick,derrick@gmail.com
23,Alan,alan@gmail.com
24,Justin,justin@gmail.com
25,Daniel,daniel@gmail.com
26,Haley,haley@gmail.com
27,Billy,billy@gmail.com
28,David,david@gmail.com
29,Monica,monica@gmail.com
30,Alison,alison@gmail.com
31,Ashley,ashley@gmail.com
32,Edward,edward@gmail.com
33,Eric,eric@gmail.com
34,Meagan,meagan@gmail.com
35,Jennifer,jennifer@gmail.com
36,Elizabeth,elizabeth@gmail.com
37,Robyn,robyn@gmail.com
38,Priscilla,priscilla@gmail.com
39,Richard,richard@gmail.com
40,Robert,robert@gmail.com
41,Jason,jason@gmail.com
42,Corey,corey@gmail.com
43,Lynn,lynn@gmail.com
44,Jose,jose@gmail.com
45,Jacob,jacob@gmail.com
46,Deborah,deborah@gmail.com
47,Jessica,jessica@gmail.com
48,Gabriela,gabriela@gmail.com
49,Ashley,ashley@gmail.com
50,Sarah,sarah@gmail.com
51,Gary,gary@gmail.com
52,Adam,adam@gmail.com
53,Michelle,michelle@gmail.com
54,Alexander,alexander@gmail.com
55,Ernest,ernest@gmail.com
56,Rebecca,rebecca@gmail.com
57,Denise,denise@gmail.com
58,Angela,angela@gmail.com
59,Cynthia,cynthia@gmail.com
60,Christopher,christopher@gmail.com
61,Mary,mary@gmail.com
62,Kristen,kristen@gmail.com
63,Douglas,douglas@gmail.com
64,Stacy,stacy@gmail.com
65,Joseph,joseph@gmail.com
66,Katherine,katherine@gmail.com
67,David,david@gmail.com
68,Jennifer,jennifer@gmail.com
69,Dale,dale@gmail.com
70,Christopher,christopher@gmail.com
71,Erika,erika@gmail.com
72,Paul,paul@gmail.com
73,Anthony,anthony@gmail.com
74,Clayton,clayton@gmail.com
75,Patricia,patricia@gmail.com
76,Heather,heather@gmail.com
77,Ronald,ronald@gmail.com
78,Kimberly,kimberly@gmail.com
79,Morgan,morgan@gmail.com
80,Jason,jason@gmail.com
81,Robin,robin@gmail.com
82,Anthony,anthony@gmail.com
83,Timothy,timothy@gmail.com
84,Michael,michael@gmail.com
85,Douglas,douglas@gmail.com
86,Diamond,diamond@gmail.com
87,Heather,heather@gmail.com
88,Christopher,christopher@gmail.com
89,Abigail,abigail@gmail.com
90,Tommy,tommy@gmail.com
91,Erin,erin@gmail.com
92,Jennifer,jennifer@gmail.com
93,Mitchell,mitchell@gmail.com
94,Ian,ian@gmail.com
95,Audrey,audrey@gmail.com
96,Jasmine,jasmine@gmail.com
97,Christopher,christopher@gmail.com
98,Kaitlin,kaitlin@gmail.com
99,Alejandro,alejandro@gmail.com
100,Steven,steven@gmail.com
